timestamp_gatillo,event_type,ATR_14,RSI_14,Slope_50,Rejection_Power,BB_Position,Target_1x,Target_2x,Target_3x,Target_5x,Target_10x,Target_15x,Target_20x
2022-05-09 04:00:00,long,22.82443836146493,34.11340287644718,-5.16023463998374,0.4936608139922226,0.20712903740998806,1,1,1,1,1,1,1
2022-05-09 17:00:00,long,37.18837655300501,27.049218107017474,-6.357573427236169,0.6089066914555856,0.10785498894727921,1,1,1,1,1,1,1
2022-05-09 18:00:00,long,36.79742465061179,29.231615318348304,-6.370371404355528,0.30015176451618925,0.17687909723050935,1,1,1,1,1,1,1
2022-05-09 19:00:00,long,38.43388908678239,24.28944544329421,-6.551962532122285,0.14487622120099442,0.05025396086323033,1,1,1,1,1,1,1
2022-06-01 23:00:00,long,18.863182930684808,32.60357238992151,-3.5939673355004027,0.1285046269886482,0.2699023459739831,1,1,1,1,1,1,1
2022-06-02 00:00:00,long,18.074147772814463,33.005362280448416,-3.6625044878122917,0.5898052041416931,0.2959898401167374,1,1,1,1,1,1,1
2022-07-01 10:00:00,long,47.896967277525675,3.199446689838707,-10.467275298776025,0.24740811529365705,0.11875939764356751,1,1,1,1,1,1,1
2022-07-01 18:00:00,long,30.84945888768902,7.951231067828369,-19.78520242755569,0.2750514293858257,0.3390115634179842,1,1,1,1,1,1,1
2022-07-01 19:00:00,long,29.48214618012551,7.813488120903848,-20.61578180382232,0.470840446467343,0.3543425881666714,1,1,1,1,1,1,1
2022-07-01 20:00:00,long,27.989295704173685,7.716906643189936,-21.377028090583636,0.48799922287201425,0.37077369681841726,1,1,1,1,1,1,1
2022-07-01 21:00:00,long,26.639566428232705,8.68566628866454,-22.05147028661152,0.1973402583160717,0.39311257019971124,1,1,1,1,1,1,1
2022-07-02 00:00:00,long,23.302326147524095,10.321890778569498,-23.713920166891366,0.0021304474442546293,0.17834790649423585,1,1,1,1,1,1,1
2022-08-19 22:00:00,long,19.00845723754313,27.558732156427574,-5.326193816509349,0.009298646393511195,0.17430673955247294,1,1,1,1,1,1,1
2022-08-20 18:00:00,long,17.492831093602756,32.17750133432592,-5.433974527611784,0.0,0.14433742111232406,1,1,1,1,1,1,1
2022-08-20 19:00:00,long,17.231807112545415,33.448101286114586,-5.244929548312182,0.2929540974278856,0.19987947148944551,1,1,1,1,1,1,1
2022-08-27 00:00:00,long,16.73063097936694,20.42799313376164,-4.161889903388431,0.10939589688180779,0.168663498475529,1,1,1,1,1,1,1
2022-08-27 02:00:00,long,16.55404434738323,25.03048239583652,-4.729290318834233,0.01296557891174429,0.2399172144897031,1,1,1,1,1,1,1
2022-11-20 05:00:00,long,23.207095015313005,1.3978588887201704,-5.0780911163410325,0.06003479238924649,0.11181144711228512,1,1,1,1,1,1,1
2022-11-20 06:00:00,long,22.53335985967637,1.3306961719047325,-5.8321777204199075,0.019589478654741893,0.13909944622550408,1,1,1,1,1,1,1
2022-11-20 07:00:00,long,22.99958117182805,1.2016760438342473,-6.612265747932662,0.028775282208679885,0.14644394405388989,1,1,1,1,1,1,1
2022-11-20 08:00:00,long,21.913794085790332,1.1973847532852457,-7.351729794876374,0.21438174459594175,0.1817964233719554,1,1,1,1,1,1,1
2022-11-20 09:00:00,long,20.851022534826733,3.445834255144811,-8.0344473247545,0.01914987964494351,0.21924911524125482,1,1,1,1,1,1,1
2022-11-20 10:00:00,long,19.699334674053404,3.428055128860573,-8.677649071762822,0.5903936130134622,0.24468538538250859,1,1,1,1,1,1,1
2022-11-20 11:00:00,long,18.607607448621025,4.947032939448955,-9.269931470845329,0.009280308095202892,0.2728344872148359,1,1,1,1,1,1,1
2022-11-20 16:00:00,long,14.561478473178502,9.061084051390354,-11.603015516333869,0.24909970231408976,0.3726224672655972,1,1,1,1,1,1,1
2022-11-20 17:00:00,long,15.910076639130049,7.5012995172450925,-12.021389405202699,0.0034343131793216353,0.3317442326272821,1,1,1,1,1,1,1
2022-11-20 18:00:00,long,15.500561900599338,7.7713140286943565,-12.393073602139435,0.24260373234148072,0.33584444964768684,1,1,1,1,1,1,1
2022-11-20 19:00:00,long,14.851118677406534,7.716235980573765,-12.7221648589973,0.23703600259877686,0.09050219238805282,1,1,1,1,1,1,1
2023-03-11 08:00:00,long,15.712520240656929,25.483476830197866,-5.153461697814542,0.0,0.3727050221242536,1,1,1,1,1,1,1
2023-03-11 10:00:00,long,14.607963354740937,29.934457750816406,-5.395766070114254,0.03166479933128252,0.45671144196380864,1,1,1,1,1,1,1
2023-08-18 14:00:00,long,13.321884653353242,8.879834100897789,-3.3361581302858174,0.21580819285108127,0.2385362851586832,1,1,1,1,1,1,1
2023-08-18 15:00:00,long,13.276037889513725,7.98732838495078,-3.6136617687977353,0.08134637616346975,0.2332472703342343,1,1,1,1,1,1,1
2023-08-18 16:00:00,long,13.117803793884176,10.368964454658382,-3.8663659631328136,0.04601801894178307,0.2659684059071635,1,1,1,1,1,1,1
2023-08-18 19:00:00,long,11.925924262691879,13.749610450130307,-4.494380222667902,0.5059999197860751,0.334957917233844,1,1,1,1,1,1,1
2023-08-18 22:00:00,long,10.79066918327344,18.63258551905932,-4.956819740054576,0.2750861441723635,0.38382752184391294,1,1,1,1,1,1,1
2023-08-18 23:00:00,long,10.229262178111048,18.466819172752825,-5.0862977030598735,0.18996756011829952,0.39603782463825354,1,1,1,1,1,1,1
2023-12-11 16:00:00,long,20.65111401793853,28.44509734214018,-3.5942346868970554,0.10511424001643432,0.20174549256601376,1,1,1,1,1,1,1
2024-01-23 10:00:00,long,23.68188440537214,20.920183729553404,-5.308250859448848,0.13528861718739574,0.05271926963361171,1,1,1,1,1,1,1
2024-01-23 11:00:00,long,24.388988635052705,29.24930464150331,-5.419965478541897,0.0,0.18850536608138607,1,1,1,1,1,1,1
2024-01-23 13:00:00,long,24.31458169958728,28.023457187748,-5.616884705135571,0.6507600920505511,0.2156835539839694,1,1,1,1,1,1,1
2024-01-23 14:00:00,long,24.774112479245314,25.507505078231407,-5.735563709326159,0.46676250561612076,0.17925614251160243,1,1,1,1,1,1,1
2024-01-23 15:00:00,long,23.70854352339922,25.056839411847022,-5.825141466088331,0.4658636793053906,0.19948977146131816,1,1,1,1,1,1,1
2024-01-23 17:00:00,long,22.51992899425391,31.55905500324389,-5.867345001216398,0.41748984551351276,0.3083729939007435,1,1,1,1,1,1,1
2024-03-15 04:00:00,long,66.5995060876542,32.48189252872169,-6.56993210711502,0.1072498728714606,0.059138653905495456,1,1,1,1,1,1,0
2024-03-15 06:00:00,long,68.38896606309369,32.81854161338896,-7.061078820366444,0.4627471658961354,0.13220752570670286,1,1,1,1,1,1,0
2024-03-19 07:00:00,long,60.49824681447358,31.902696357667676,-6.615958439670484,0.20712067450877658,0.12524951486683777,1,1,1,1,1,1,1
2024-03-19 10:00:00,long,59.793808542405635,32.03602295781221,-7.960931645130754,0.2859275369789581,0.17281240306647613,1,1,1,1,1,1,1
2024-03-20 00:00:00,long,68.19356179602921,34.66778192580392,-9.81213756174764,0.4780157546114314,-0.006104996397185619,1,1,1,1,1,1,1
2024-04-22 13:00:00,long,37.95004946113243,7.406007874230864,-4.678149433409836,0.004300791079195352,0.13473941297338674,1,1,1,1,1,1,1
2024-04-22 14:00:00,long,36.2210805309658,7.11859695894934,-5.332469440629934,0.19485661959817885,0.15999736011486473,1,1,1,1,1,1,1
2024-04-30 10:00:00,long,34.44262762222646,28.97989266504458,-5.2448073006118445,0.06812687884023157,0.15397863437862863,1,1,1,1,1,1,1
2024-04-30 11:00:00,long,35.00379136837457,26.171369908765506,-5.414707328850456,0.30311122066528967,0.12146216747877327,1,1,1,1,1,1,1
2024-04-30 12:00:00,long,35.88782169999067,25.253956098947167,-5.5700209395639515,0.17991574888096448,0.1397805902028196,1,1,1,1,1,1,1
2024-04-30 13:00:00,long,34.85622292899135,25.107587531398107,-5.6867624699477295,0.4486365853117493,0.1739399324598491,1,1,1,1,1,1,1
2024-04-30 14:00:00,long,34.696325298299136,23.297070283158053,-5.814945418912578,0.3118116609909882,0.1625801323207374,1,1,1,1,1,1,1
2024-04-30 16:00:00,long,38.2115644722411,31.092857187223892,-6.002226301821106,0.0,0.22315689800711325,1,1,1,1,1,1,1
2024-06-07 23:00:00,long,20.913260659945887,28.874839805322615,-3.552615428739706,0.1267245758276226,0.2705281616848635,1,1,1,1,1,1,1
2024-06-11 09:00:00,long,24.587141483380115,20.015050440591004,-3.629303086918262,0.3721843304345995,0.20107415337126142,1,1,1,1,1,1,1
2024-06-11 10:00:00,long,24.280274252767224,19.45908504978005,-3.8233604625356827,0.6904758380990114,0.2133022610834147,1,1,1,1,1,1,1
2024-06-11 13:00:00,long,29.81040001490128,23.61660635977751,-4.765391373485344,0.20724211453484684,0.18830509557949568,1,1,1,1,1,1,1
2024-06-11 14:00:00,long,29.706463586601195,30.105339138808755,-4.94616538205768,0.08344084960022452,0.268931162436298,1,1,1,1,1,1,1
2024-06-11 15:00:00,long,29.142723325808223,32.912718667502205,-5.085731980397205,0.30127674771643154,0.31577254207297994,1,1,1,1,1,1,1
2024-06-11 20:00:00,long,24.195204694356395,34.6031458756582,-5.415541762023906,0.4670831183171798,0.37244296348436046,1,1,1,1,1,1,1
2024-06-24 08:00:00,long,25.219588044071422,21.82781254863669,-3.5389229551597166,0.7034919470377782,0.09723079198995457,1,1,1,1,1,1,1
2024-06-24 13:00:00,long,30.728406211531098,29.568122805711987,-4.832428757575691,0.07101908602367868,0.19062463771981267,1,1,1,1,1,1,1
2024-06-24 14:00:00,long,31.5671648095003,32.72861494061023,-4.996517516313607,0.47703544902428663,0.2579597250281771,1,1,1,1,1,1,1
2024-06-24 15:00:00,long,31.209337254557422,30.147953512996235,-5.187069649994649,0.33074568367361057,0.20969510210871478,1,1,1,1,1,1,1
2024-07-03 14:00:00,long,19.19023055852347,32.63818127156073,-3.717008853581638,0.38801991051206736,0.26455302394601043,1,1,1,1,1,1,1
2024-07-03 21:00:00,long,25.756570981734757,27.756546574473706,-4.308836851881912,0.03154190341836805,-0.18824414019530872,1,1,1,1,1,1,1
2024-07-04 02:00:00,long,26.103271465504417,29.823159218809703,-4.949157253115548,0.2523501276174951,0.01003191127491832,1,1,1,1,1,1,1
2024-07-04 11:00:00,long,30.436593232796373,27.705184594825198,-6.250922813635856,0.22109522628598066,0.2142368856706581,1,1,1,1,1,1,1
2024-07-04 12:00:00,long,30.22736420914664,28.547492231167794,-6.35834767994764,0.7458343865791143,0.24962203270462227,1,1,1,1,1,1,1
2024-07-04 18:00:00,long,27.60912791403997,32.51179467176061,-6.333487514968274,0.145686013669733,0.26510655387559845,1,1,1,1,1,1,1
2024-07-05 03:00:00,long,44.39283276357797,24.860197001272304,-8.426531642170612,0.1276181281003801,0.08317401817596493,1,1,1,1,1,1,1
2024-07-05 04:00:00,long,43.43707375817242,23.191915486597487,-8.758028171395516,0.029587469815812617,0.08108701530619497,1,1,1,1,1,1,1
2024-07-25 02:00:00,long,34.22477727489432,16.745660228059993,-5.240047556512992,0.22140830986492852,0.1140203903259626,1,1,1,1,1,1,1
2024-07-25 03:00:00,long,33.063783261987574,17.42594440989049,-5.731163080105825,0.31215243275732646,0.156539072424872,1,1,1,1,1,1,1
2024-07-25 11:00:00,long,32.58868958742685,23.01875618448314,-7.817295140052087,0.2121163448396763,0.2487852269986832,1,1,1,1,1,1,1
2024-07-25 12:00:00,long,32.934657447510624,29.588915931336857,-7.943501013673504,0.05092026886971285,0.3268329028579862,1,1,1,1,1,1,1
2024-07-25 14:00:00,long,34.33902911994642,26.536285557283136,-8.446914735532468,0.19501899934378678,0.18502686394065934,1,1,1,1,1,1,1
2024-07-25 15:00:00,long,34.38824771332882,27.921248811284023,-8.72083807800103,0.369824662053352,0.18832424447756058,1,1,1,1,1,1,1
2024-08-02 19:00:00,long,35.64992820532887,23.685727278334426,-7.181267755208996,0.04716022252423415,0.1569105598875238,1,1,1,1,1,1,1
2024-08-02 22:00:00,long,36.58364223091069,23.0460034325826,-7.6549754201482125,0.034474448301928806,0.19329504722243177,1,1,1,1,1,1,1
2024-08-03 00:00:00,long,34.697792358722985,27.37306900560057,-7.727120894862067,0.269389159119803,0.2514455185735315,1,1,1,1,1,1,1
2024-08-04 16:00:00,long,38.58717292334744,30.638533571959574,-4.129314904622342,0.3550594721882475,0.1262024013347329,1,1,1,1,1,1,1
2024-08-04 17:00:00,long,38.2108997240155,31.300345555448544,-4.29075279714334,0.35505947218780803,0.1738626642216086,1,1,1,1,1,1,1
2024-08-04 19:00:00,long,38.494702806425096,24.4583538858516,-4.801473194988258,0.18004046303324006,0.06113029429000561,1,1,1,1,1,1,1
2024-08-05 02:00:00,long,84.16608822720784,11.914041645112171,-11.756466919548378,0.2561643730964332,0.08066039830091584,1,1,1,1,1,1,1
2024-08-05 05:00:00,long,82.75044291508489,25.198970900770988,-13.787747991794616,0.30430579911363836,0.22475626828672035,1,1,1,1,1,1,1
2024-08-05 06:00:00,long,83.38460680430025,23.555571324733048,-14.480046380460069,0.2889096469975236,0.20995274979702205,1,1,1,1,1,1,1
2024-08-27 13:00:00,long,20.26664759377642,25.322387983313195,-3.5456070235920656,0.008806993766120536,0.12112300293492813,1,1,1,1,1,1,1
2024-08-27 14:00:00,long,19.67502413285668,25.243212113445644,-3.6760181280320317,0.4534488001776944,0.15929308963753175,1,1,1,1,1,1,1
2024-08-27 15:00:00,long,19.16594117045265,24.193431996974432,-3.7828003543054107,0.5362407799606033,0.16676988096160744,1,1,1,1,1,1,1
2024-08-27 22:00:00,long,30.81655852753412,20.324470931597453,-5.614114707566919,0.06687211794672782,0.16258926661724157,1,1,1,1,1,1,1
2024-08-28 03:00:00,long,26.97132329365703,21.228758904193022,-6.4998990678366155,0.08135628656616212,0.18528317235620412,1,1,1,1,1,1,1
2024-08-28 04:00:00,long,27.493194482881506,31.58841350723599,-6.610793479072561,0.04302737922515833,0.3102240503173328,1,1,1,1,1,1,1
2024-09-06 17:00:00,long,34.3647440848577,31.134177661593178,-3.7575514335953994,0.10745226819350111,0.11906342311172374,1,1,1,1,1,1,1
2024-09-06 18:00:00,long,32.8740547386036,30.6142553850413,-3.931104996770671,0.5798974603275483,0.14494246230525637,1,1,1,1,1,1,1
2024-10-02 10:00:00,long,24.38369733110761,32.05445705741654,-4.430980229331829,0.3104075256555382,0.07681694092457873,1,1,1,1,1,1,1
2024-10-02 20:00:00,long,26.373113841749042,28.481179084570513,-5.655546344855542,0.3204574971934522,0.1255385248254552,1,1,1,1,1,1,1
2024-10-02 21:00:00,long,25.97458011773127,33.54192292859687,-5.7127676395088915,0.0044527607251414435,0.23101817042092046,1,1,1,1,1,1,1
2024-10-31 23:00:00,long,22.776339093710252,28.1578132380094,-3.6643183330943216,0.4968619875993659,0.22964658247285188,1,1,1,1,1,1,1
2024-12-09 22:00:00,long,66.23778091568444,31.35093500696553,-5.501810044357802,0.05271967006658174,0.0982966444585988,1,1,1,1,1,1,0
2024-12-09 23:00:00,long,67.2657865818427,29.505648197350602,-5.849076822480967,0.1965772299123483,0.07660300038159376,1,1,1,1,1,1,0
2024-12-18 22:00:00,long,52.59367025371553,32.393215999327126,-7.108236998821886,0.2736856147570037,0.1513289254091551,1,1,1,1,1,1,1
2024-12-19 18:00:00,long,69.08618647079435,33.27308507933269,-8.935496092299507,0.16633783638543845,0.1537392781623225,1,1,1,1,1,1,1
2024-12-19 19:00:00,long,66.92104053408049,31.181081166622064,-9.163459679816834,0.17492638795880439,0.1275933386803831,1,1,1,1,1,1,1
2024-12-19 20:00:00,long,65.94326518907475,30.55426783242345,-9.486555697877241,0.4004929619464558,0.14942681242233083,1,1,1,1,1,1,1
2024-12-20 00:00:00,long,63.398990854801795,34.80436951884619,-10.443030130039045,0.5247364890290674,0.23688972879542575,1,1,1,1,1,1,1
2024-12-20 01:00:00,long,62.31903034049451,32.3711465408485,-10.742799268925406,0.22242024465982246,0.1944583566492761,1,1,1,1,1,1,1
2024-12-20 02:00:00,long,62.10222830050206,31.1394909854805,-11.064451495008052,0.5787737581038913,0.18268519188202959,1,1,1,1,1,1,1
2025-01-07 18:00:00,long,36.74159074054993,19.39987326755295,-3.917906616209373,0.10562374375780273,0.16271187181371774,1,1,1,1,1,1,1
2025-01-07 19:00:00,long,35.643120300932075,18.374600984669826,-4.4306807545937845,0.23519251440223132,0.1717702828977121,1,1,1,1,1,1,1
2025-01-07 23:00:00,long,34.891146703718356,22.468204815807297,-6.307477003366066,0.2573124931504941,0.23033835580994289,1,1,1,1,1,1,1
2025-01-08 00:00:00,long,34.46174684601703,21.35355644009168,-6.7505791607574,0.4629254680039743,0.22749010966882552,1,1,1,1,1,1,1
2025-01-08 03:00:00,long,36.773346734920196,31.700702520464123,-7.875373187547599,0.0,0.3118925546433754,1,1,1,1,1,1,1
2025-01-08 08:00:00,long,33.485066483440185,32.51512034899576,-9.239178905490563,0.5530631252620564,0.22939886680387078,1,1,1,1,1,1,1
2025-01-27 07:00:00,long,32.370808730977274,23.785938647832676,-4.843738663216708,0.030050177432380466,0.17804834589181776,1,1,1,1,1,1,1
2025-02-02 00:00:00,long,33.32943948821396,31.5842015833439,-3.546442607509147,0.0013487470804524955,0.1103010649990892,1,1,1,1,1,1,1
2025-02-02 19:00:00,long,55.82609957933068,22.325819993651024,-8.278290780545344,0.05976943908127786,0.03398379867864638,1,1,1,1,1,1,1
2025-02-24 23:00:00,long,39.44882920006078,18.010595341582256,-1.8288781942903511,0.29727775563042963,0.10049290809048106,1,1,1,1,1,1,1
2025-02-25 00:00:00,long,38.2746018739207,17.533909302664995,-2.100476114050654,0.32423108190166944,0.1322576825587257,1,1,1,1,1,1,1
2025-02-25 02:00:00,long,36.80732541657547,19.308797202893317,-2.6121876523742595,0.16110985629495436,0.15858870396419605,1,1,1,1,1,1,1
2025-02-25 07:00:00,long,47.069489409138264,33.00243295931688,-4.648177064397799,0.17226555611720024,0.274981881945074,1,1,1,1,1,1,1
2025-02-25 10:00:00,long,45.517493748653635,26.212826661211032,-5.524637393424747,0.303787701663776,0.17373480353468476,1,1,1,1,1,1,1
2025-02-28 04:00:00,long,44.897355306885814,27.172014080251394,-5.867425143984477,0.37807003771366443,0.15499112689194763,1,1,1,1,1,1,1
2025-02-28 06:00:00,long,43.178712608533694,30.096374385123063,-5.970628347391547,0.11699421034242016,0.2024520413130994,1,1,1,1,1,1,1
2025-03-10 18:00:00,long,42.371458459731045,31.15160575417832,-5.602661469535087,0.24083187691690483,0.15600964357283245,1,1,1,1,1,1,1
2025-03-10 21:00:00,long,49.609062872676496,34.16477011205558,-6.204297337495169,0.11119654456578999,0.21688873034776887,1,1,1,1,1,1,1
2025-03-10 23:00:00,long,46.51197906896544,34.233791749802414,-6.406104416598736,0.603066692374977,0.2568386628955209,1,1,1,1,1,1,1
2025-04-06 22:00:00,long,28.317896009981485,25.20625048263043,-4.373050499677977,0.1184705920832466,0.20105291209770282,1,1,1,1,1,1,1
2025-04-06 23:00:00,long,30.353975637589958,21.602379367664525,-4.727382424056275,0.25021470387596234,0.14288472583437242,1,1,1,1,1,1,1
2025-04-07 00:00:00,long,29.810603427776385,24.389878670456753,-5.04479104987298,0.16381718353687036,0.19747033249101142,1,1,1,1,1,1,1
2025-04-07 01:00:00,long,29.283617234613796,23.28741889971686,-5.3744168143229185,0.49372108609557414,0.19849437250362428,1,1,1,1,1,1,1
2025-04-07 04:00:00,long,38.48572162064368,30.5849255279755,-6.722815173519663,0.0421697497990712,0.21513797225393014,1,1,1,1,1,1,1
2025-04-07 05:00:00,long,37.6996456490477,29.478369387319407,-7.052167658539227,0.46022373324428123,0.20899608919089593,1,1,1,1,1,1,1
2025-04-07 06:00:00,long,37.44180425965144,31.17127449136261,-7.329001399249066,0.011638515987800227,0.24679106512406349,1,1,1,1,1,1,1
2025-06-05 22:00:00,long,32.47185681845434,31.484398600537777,-3.632070241466703,0.36821079844618804,0.20034138631986606,1,1,1,1,1,1,1
2025-06-13 01:00:00,long,40.189754254477464,28.302383115689008,-5.3229373568315,0.25362225622629814,0.16026026454551487,1,1,1,1,1,1,1
2025-06-21 22:00:00,long,33.150207814006116,21.659824382772477,-4.606238701367275,0.4647925121114923,0.07257157994630625,1,1,1,1,1,1,1
2025-06-21 23:00:00,long,32.37150222338424,21.07426412218968,-4.797306350538913,0.41326540640593845,0.10619368551626411,1,1,1,1,1,1,1
2025-06-22 00:00:00,long,31.85546053587823,29.57527215299066,-4.9340087404548365,0.001382064277924767,0.2169682799404963,1,1,1,1,1,1,1
2025-06-22 01:00:00,long,30.595847216901205,30.86396251494712,-5.040114890857266,0.25557167583653323,0.2551338206341261,1,1,1,1,1,1,1
2025-06-22 06:00:00,long,27.98157364734843,31.12709817602634,-5.356939497513491,0.016124931267784942,0.2719365202729222,1,1,1,1,1,1,1
2025-06-22 10:00:00,long,34.453426422389576,26.038988611768726,-5.1572810394022,0.22099033990881173,0.061376668736575955,1,1,1,1,1,1,1
2025-06-22 14:00:00,long,32.51189508924899,28.37054656681631,-5.451309003031731,0.3220041898474014,0.09213918209463412,1,1,1,1,1,1,1
2025-06-22 15:00:00,long,31.509130016981192,28.644504780386352,-5.6523012912567445,0.5697178978865094,0.1388075522541741,1,1,1,1,1,1,1
2025-08-01 09:00:00,long,39.78352805093231,30.307908802810935,-4.038547796075217,0.21032139078645534,0.042349210409546256,1,1,1,1,1,1,1
2025-08-01 20:00:00,long,45.242339136074484,34.26955102951434,-7.972203758563981,0.09008779081545076,0.1826578804722021,1,1,1,1,1,1,1
2025-08-29 09:00:00,long,45.7677926850199,33.66363273465689,-4.881742325239133,0.13605487131845065,0.08888221731424725,1,1,1,1,0,0,0
2025-08-29 10:00:00,long,48.12115761540421,29.53976946440283,-5.180869305133199,0.3291908193673259,-0.008516384461120524,1,1,1,1,0,0,0
2025-09-22 06:00:00,long,37.50692416201692,22.21752071975921,-4.941016124787107,0.034534760541352315,0.15954017349930594,1,1,1,1,1,1,0
2025-09-22 07:00:00,long,35.85960949412998,21.898139781611878,-5.428728943081372,0.4896791448315758,0.18591622286778367,1,1,1,1,1,1,0
2025-09-22 08:00:00,long,35.148926394577835,25.047089282455875,-5.864415195454897,0.17147609311483508,0.23616726576082928,1,1,1,1,1,1,0
2025-09-22 11:00:00,long,34.94705077141222,24.094928510018264,-7.024872243607883,0.18509275708868023,0.24948446275713482,1,1,1,1,1,1,0
2025-09-22 12:00:00,long,33.85828935552559,24.316951090359208,-7.348295171760283,0.2993037416984251,0.2698697486788122,1,1,1,1,1,1,0
2025-10-10 20:00:00,long,89.20634528999324,19.021688476207377,-9.50327199724131,0.31996626116804555,0.106171721014953,1,1,1,0,0,0,0
2025-10-10 21:00:00,long,91.19220908799373,15.399661784581234,-10.229589775371235,0.042340663436986024,0.0351332532207293,1,1,1,1,0,0,0
2025-10-10 22:00:00,long,93.61316791308704,29.08680985060746,-10.659904881819514,0.008099696954615541,0.19576369310605127,1,1,1,0,0,0,0
2025-10-10 23:00:00,long,92.90190824877368,26.933418592196013,-11.227236607836673,0.26753647555811266,0.17497680980699085,1,1,1,1,0,0,0
2025-10-11 00:00:00,long,88.60003700035413,29.125878225414564,-11.852874740463715,0.10670144132224914,0.22488559754778226,1,1,1,1,0,0,0
2025-10-11 01:00:00,long,86.63473729827172,28.19741725248372,-12.368892574903798,0.40255327133779495,0.22953623165901368,1,1,1,1,0,0,0
2025-10-29 19:00:00,long,43.26453530489631,34.47484520909292,-4.285903128930076,0.25135106890572834,-0.0065610081037528675,1,0,0,0,0,0,0
2025-11-03 14:00:00,long,43.38221261886953,33.86204730889958,-5.122032227597849,0.13339683274319383,0.19053629828732255,0,0,0,0,0,0,0
2025-11-03 16:00:00,long,44.20759374145284,28.03467871559287,-5.814718373693898,0.11492299794478993,-0.00961645760107628,1,0,0,0,0,0,0
2025-11-03 17:00:00,long,44.699787473491924,32.90913740170088,-6.115679684363656,0.09808920539964242,0.10709254618796456,1,0,0,0,0,0,0
2025-11-04 19:00:00,long,71.19074161060273,33.570081266725,-11.040712810388507,0.0,0.24696292516042606,1,1,1,1,0,0,0
2025-11-13 20:00:00,long,49.29857477545813,29.452322198666142,-3.951676236933824,0.10123436410348419,0.18720194778252422,1,0,0,0,0,0,0
2025-11-14 05:00:00,long,49.90921417230619,33.403991319389064,-7.47019304361006,0.12329857255461986,0.24189542260007782,1,0,0,0,0,0,0
2022-05-30 22:00:00,short,16.06489182816642,78.76425978709949,4.722633043395337,0.013434994791002375,0.8865407565681418,1,1,1,1,1,1,1
2022-07-17 05:00:00,short,15.56507080813111,65.8671948964132,3.5161951525711777,0.47441641181068717,0.6274147957768746,1,1,1,1,1,1,0
2022-07-18 08:00:00,short,17.88528663312452,78.16759759496858,3.5332744750493026,0.9246197190115901,0.8224193743483031,1,1,1,1,1,1,1
2022-07-19 13:00:00,short,23.457318906549062,67.00496943742489,4.704416479397795,0.28843258777712594,0.9331721399340642,1,1,1,1,1,1,1
2022-07-27 20:00:00,short,19.628364572075366,79.08995405016232,3.746575228662464,0.11178920317698164,0.8648243172119071,1,1,1,1,1,1,1
2022-07-27 21:00:00,short,18.83908857376999,77.33518189660748,4.101097563750666,0.24612103479565806,0.8150658346323636,1,1,1,1,1,1,1
2022-07-27 22:00:00,short,21.485823005000714,82.14376242301297,4.48142607510805,0.012083844983229754,0.9173281236908625,1,1,1,1,1,1,1
2022-07-27 23:00:00,short,20.926389069600663,78.3009285294876,4.822462744026536,0.29488248573756687,0.8444988313453887,1,1,1,1,1,1,1
2022-07-28 00:00:00,short,20.3610894255792,73.99805646660464,5.111582462924822,0.2011058474520887,0.7784614406806377,1,1,1,1,1,1,1
2022-07-28 01:00:00,short,20.070311516744965,75.37212865467741,5.432040110562483,0.12447854385099663,0.7850345549390624,1,1,1,1,1,1,1
2022-07-28 02:00:00,short,19.222111730913184,72.75014146731871,5.710239932609446,0.13941745114289883,0.7397705177176709,1,1,1,1,1,1,1
2022-07-28 16:00:00,short,25.91265521505166,74.7268811808084,7.300228632666938,0.0,0.991514878923911,1,1,1,1,1,1,1
2022-07-28 17:00:00,short,25.90255505599082,71.09224658731229,7.281229568434305,0.43770974821953046,0.8812696226916177,1,1,1,1,1,1,1
2022-07-28 18:00:00,short,25.002827622862913,71.2136449594451,7.251231270782138,0.7645670977601168,0.8454115941967217,1,1,1,1,1,1,1
2022-07-28 20:00:00,short,25.215014799433323,65.03195272297,7.078528496157659,0.9052726075045823,0.7063326774333334,1,1,1,1,1,1,1
2022-08-18 05:00:00,short,14.772230163295061,92.6864640581757,3.345719492762833,0.0,0.7893186676971098,1,1,1,1,1,1,1
2022-10-26 08:00:00,short,13.443539692922116,70.81254185344503,4.62554064832459,0.2452832907095636,0.7846204475993026,1,1,1,1,1,1,1
2022-10-26 11:00:00,short,16.29756700590796,75.5687418292054,5.191208181789675,0.24730361717273908,0.9553319581137033,1,1,1,1,1,1,1
2022-10-26 12:00:00,short,16.69544871985024,67.27877585091746,5.272765657820037,0.13639155017367832,0.7848457369897511,1,1,1,1,1,1,1
2022-10-26 13:00:00,short,16.324238292796643,69.10873621105766,5.371434177316221,0.037852627158791785,0.8181844116952203,1,1,1,1,1,1,1
2022-10-26 14:00:00,short,16.046289372539746,67.78582620752759,5.435248257112941,0.6660682686361605,0.7717793166326081,1,1,1,1,1,1,1
2022-10-26 17:00:00,short,15.329091170747228,65.30132281575301,5.537047475266235,0.4166546249125804,0.6919024430562247,1,1,1,1,1,1,1
2022-10-26 18:00:00,short,15.984910143915284,68.08155475807793,5.574712490201506,0.10737362309586777,0.7677373965989785,1,1,1,1,1,1,1
2023-02-16 01:00:00,short,9.732528624996538,88.13094997587983,3.74205414222603,0.20057736417923755,0.7964189930177654,1,1,1,1,1,1,1
2023-02-16 02:00:00,short,9.296113255739652,87.8628643536095,3.840355110831999,0.6100704251044468,0.7693622194741445,1,1,1,1,1,1,1
2023-02-16 13:00:00,short,12.548788817685821,74.05867095589834,4.16183296626425,0.24060649890896788,0.9609386728143524,1,1,1,1,1,1,1
2023-03-13 17:00:00,short,19.949264399615025,71.18238191429352,4.801934369598979,0.13631227900317686,0.7999783408552779,1,1,1,1,1,0,0
2023-03-13 18:00:00,short,19.632550240056815,73.77046318105889,4.933777897819289,0.0,0.8467558381001419,1,1,1,1,1,1,0
2023-03-13 21:00:00,short,18.466696354522565,69.74045212406763,5.13874983437582,0.09268890053313335,0.7472045040646861,1,1,1,1,1,1,0
2023-03-13 22:00:00,short,17.977522981285233,66.43479515150689,5.164943382919411,0.5428882153276386,0.6866343522202888,1,1,1,1,1,1,0
2023-03-14 01:00:00,short,16.994155244295072,66.2913697054739,5.174854457685262,0.6704913532223071,0.6491857694965583,1,1,1,1,1,1,0
2023-03-14 13:00:00,short,21.03655335348244,71.22088846731198,4.3034380274923265,0.26641591784034,0.8489777391415317,1,1,1,1,1,1,0
2023-06-21 19:00:00,short,14.04330109928391,78.29558410390513,3.601333475565453,0.6944100651762664,0.8742086213947107,1,1,1,1,1,1,1
2023-06-21 23:00:00,short,15.866163118573684,75.34692022733537,4.178587523711207,0.165010095765064,0.8427884998750625,1,1,1,1,1,1,1
2023-06-22 00:00:00,short,15.237149974296997,75.71874756715975,4.276844844814732,0.6634354665699858,0.8240705656852074,1,1,1,1,1,1,1
2023-10-24 02:00:00,short,20.81649441251653,72.50072779501708,3.5832290957256374,0.4955988054426226,0.808151155442432,1,1,1,1,1,1,1
2023-10-24 04:00:00,short,19.642809042669352,73.55545375061935,3.941157720461984,0.0443958381557339,0.7844726579459412,1,1,1,1,1,1,1
2023-10-24 05:00:00,short,19.78219568353582,74.66677921422107,4.0900986726930135,0.13904149572165359,0.7853685139544851,1,1,1,1,1,1,1
2023-10-24 09:00:00,short,18.60036766767086,70.70393811665659,4.591059719466398,0.24998287653841714,0.7071923131230673,1,1,1,1,1,1,1
2023-11-09 23:00:00,short,24.021931080556158,75.93299507724119,4.658314637170904,0.279528312710531,0.8329050900936811,1,1,1,1,1,1,1
2023-11-10 00:00:00,short,23.881797446080714,77.24118308734977,4.9643234006466015,0.17509207562774443,0.8348646847905503,1,1,1,1,1,1,1
2023-11-10 01:00:00,short,23.087504560953516,73.23924627782316,5.206463312261319,0.17657282827762277,0.7736191732213166,1,1,1,1,1,1,1
2023-12-28 00:00:00,short,19.721219652759725,71.77147901788634,3.800515977001493,0.4792609174080281,0.7647860699655417,1,1,1,1,1,1,1
2024-01-10 22:00:00,short,37.857291452953625,70.58762134398336,5.659092403221514,0.009418577816497627,0.8847499074948836,1,1,1,1,1,1,1
2024-01-10 23:00:00,short,37.803806517092646,72.97874829746685,6.069774211718599,0.03437051173612813,0.9153769920657914,1,1,1,1,1,1,1
2024-01-11 00:00:00,short,36.60310430776458,73.44524982164947,6.474399712856939,0.2055270348281307,0.8854320346417978,1,1,1,1,1,1,1
2024-01-11 03:00:00,short,33.90241266452311,65.88130425372091,7.3152191235966875,0.03245447257385653,0.7200504172040815,1,1,1,1,1,1,1
2024-01-11 04:00:00,short,33.47970765232859,68.99302067113989,7.583794619890082,0.0003580746191651894,0.7797751465341778,1,1,1,1,1,1,1
2024-01-11 09:00:00,short,31.621054117216797,67.11660884946487,8.6500656783181,0.43220648583612564,0.7385627259164491,1,1,1,1,1,1,1
2024-02-13 06:00:00,short,17.45694749456837,66.64812159258614,3.9208052978076595,0.14602338282023722,0.7072271066786532,1,1,1,1,1,1,1
2024-02-14 23:00:00,short,22.868970475091803,66.88440069403609,3.516340604024106,0.0,0.9145707339053736,1,1,1,1,1,1,1
2024-02-25 21:00:00,short,18.978070466578206,69.5703512617516,3.7038779177106607,0.3872433230053765,0.8307335871757383,1,1,1,1,1,1,1
2024-02-25 23:00:00,short,18.88657857853628,66.37945606752199,3.6917575175128166,0.14623773493306128,0.7702679893436034,1,1,1,1,1,1,1
2024-02-26 23:00:00,short,28.68906890166895,65.06324067388884,3.5620880512490025,0.2671679583165998,0.789648331817215,1,1,1,1,1,1,1
2024-02-27 02:00:00,short,26.48649594850919,68.534920400494,3.876724359707706,0.0,0.8143759899846545,1,1,1,1,1,1,1
2024-02-27 07:00:00,short,24.798971205030085,68.28655441306925,4.299097587061249,0.3499790145744072,0.8584787067867421,1,1,1,1,1,1,1
2024-02-28 09:00:00,short,30.40978228607313,66.39671018552889,3.9222754333047583,0.0018949835109858045,0.9695766108421262,1,1,1,1,1,1,1
2024-02-28 10:00:00,short,31.492378886117876,67.72964488755338,3.8356272705188283,0.6061614570889035,0.9593287264733846,1,1,1,1,1,1,1
2024-02-29 01:00:00,short,49.480001186539425,66.7811168558025,4.178375491790108,0.13832264677475684,0.9843924746904014,1,1,1,1,1,1,1
2024-03-12 17:00:00,short,58.105076112601914,72.99355141079741,8.647407727593556,0.2523022255125627,0.6877639474743666,1,1,1,1,1,1,1
2024-03-12 18:00:00,short,55.561341387101784,73.40055586992297,9.136044938456797,0.35316002734939295,0.6740081573392477,1,1,1,1,1,1,1
2024-03-12 19:00:00,short,54.40263973862307,75.60022273028619,9.655828670788976,0.0597887684499017,0.688443818771756,1,1,1,1,1,1,1
2024-03-13 03:00:00,short,41.39036195494583,76.45110314322746,13.18222535598731,0.755591322660561,0.7796335251988156,1,1,1,1,1,1,1
2024-03-13 04:00:00,short,41.5622336931497,78.77544400634582,13.496153081661456,0.0025062786374683743,0.9086546251367568,1,1,1,1,1,1,1
2024-03-13 05:00:00,short,40.11204995619615,74.40139885432944,13.725933043560842,0.24422009895744848,0.8029774700192255,1,1,1,1,1,1,1
2024-03-25 23:00:00,short,32.60531884497307,68.18846527707191,6.528924010142163,0.15088931930312835,0.7152015084806858,1,1,1,1,1,1,1
2024-05-20 22:00:00,short,55.89415454977542,89.20066856960915,8.444291842120053,0.21644388845632231,0.8626499605713771,1,1,1,1,1,1,1
2024-05-21 05:00:00,short,44.94068642413545,79.6950758532611,14.353402237354992,0.0,0.6846420578331935,1,1,1,1,1,1,1
2024-05-21 11:00:00,short,51.18852075879915,79.77858134171846,18.269026679129627,0.9121565658489421,0.8122863744313673,1,1,1,1,1,1,1
2024-05-21 21:00:00,short,44.18996014739107,69.23907831896469,18.87626307084055,0.4625427918974688,0.725128982586631,1,1,1,1,1,1,1
2024-05-27 03:00:00,short,28.570057099462066,65.59221416382161,3.733672419501899,0.00017252163755258185,0.8545138010205542,1,1,1,1,1,1,1
2024-07-15 03:00:00,short,22.162440151497723,80.41376512464954,3.5442084169787718,0.14595811977203915,0.9017736862198171,1,1,1,1,1,1,1
2024-07-15 05:00:00,short,21.877665955894447,76.84921305966161,3.888359842594613,0.44939690709202074,0.8003178437225997,1,1,1,1,1,1,1
2024-07-15 09:00:00,short,20.877492395174368,74.3874285065129,4.421982405685793,0.07831599452379105,0.7495006777841517,1,1,1,1,1,1,1
2024-07-15 10:00:00,short,21.34933868675476,76.76902925996467,4.589403414797415,0.1728854085419785,0.792874544805228,1,1,1,1,1,1,1
2024-07-15 15:00:00,short,24.367627443710706,75.90621053008103,5.261340946134228,0.3104710731911067,0.8884194516750092,1,1,1,1,1,1,1
2024-07-15 17:00:00,short,24.99396774168883,74.33193015571152,5.568019439480843,0.21477803978200427,0.9603128731646722,1,1,1,1,1,1,1
2024-07-15 20:00:00,short,28.43524129151243,75.2446478772587,6.275235357947277,0.4571050348047783,0.9444935844958433,1,1,1,1,1,1,1
2024-07-15 21:00:00,short,27.758406230832964,76.18793098066648,6.4641341219134905,0.1789191806239001,0.9273778519035941,1,1,1,1,1,1,1
2024-07-15 22:00:00,short,27.437466327602028,70.78682682748631,6.615966632358483,0.2335262801917559,0.8149737119999092,1,1,1,1,1,1,1
2024-09-20 05:00:00,short,21.271850678209944,71.37303822689766,5.262424691939323,0.6949865747403108,0.8161556232680218,1,1,1,1,1,1,1
2024-09-20 11:00:00,short,23.84471375844058,67.4620581188132,5.203084980710405,0.34783066404631124,0.764075408392481,1,1,1,1,1,1,1
2024-10-17 19:00:00,short,23.63610707337565,78.62808082150048,1.7391142864763665,0.23490388559378014,0.814628993221535,1,1,1,1,1,1,1
2024-10-17 20:00:00,short,22.724455265105963,73.77044097920667,1.8980454519125678,0.27251669545637286,0.7543891486384101,1,1,1,1,1,1,1
2024-10-17 22:00:00,short,24.428525540465323,74.4444181076328,2.3820138857382864,0.14348841505052065,0.8229484001743111,1,1,1,1,1,1,1
2024-10-18 00:00:00,short,23.470966794270616,65.70746733229353,2.683912449376117,0.12248537428138269,0.7007602805688168,1,1,1,1,1,1,1
2024-10-18 01:00:00,short,22.854472298936997,68.21169754312632,2.8499838021213186,0.023865184413184807,0.7302764316832565,1,1,1,1,1,1,1
2024-10-18 03:00:00,short,21.9180915586727,71.25658086803031,3.1797157133176306,0.008535832053039205,0.761915149157557,1,1,1,1,1,1,1
2024-10-29 14:00:00,short,19.972003128794235,72.13796172972387,3.868375400472216,0.2580131686305894,0.9145927360947962,1,1,1,1,1,1,1
2024-11-06 09:00:00,short,30.693033305805663,71.13077622970329,4.1229230642916646,0.2069630541145635,0.7407512449691827,1,1,1,1,1,1,1
2024-11-06 11:00:00,short,32.47966069494056,72.79644516319563,4.796909021916462,6.99974464219003e-05,0.7619419671438629,1,1,1,1,1,1,1
2024-11-06 12:00:00,short,32.26442007211624,75.00432846107014,5.131292482848779,0.0636438184643956,0.7921203793595278,1,1,1,1,1,1,1
2024-11-06 13:00:00,short,31.029056315543635,73.27879970241327,5.425190703623287,0.3490225953453748,0.7615708208115238,1,1,1,1,1,1,1
2024-11-07 11:00:00,short,33.928868213161,67.61078023667486,9.539440059360588,0.03919347571859655,0.7265229508577665,1,1,1,1,1,1,1
2024-11-07 20:00:00,short,34.8383625677519,71.30677417071263,8.405424569518807,0.0,0.911032899213622,1,1,1,1,1,1,1
2024-11-10 08:00:00,short,29.909327409639257,67.2811835956215,6.136190914044418,0.3049387407195133,0.7366458075347625,1,1,1,1,1,1,1
2024-11-10 10:00:00,short,29.708678973624618,66.23565816083908,6.232263042414016,0.2986128496863038,0.7149800047037156,1,1,1,1,1,1,1
2024-12-06 16:00:00,short,74.51167107988918,95.36517517277885,11.734198921271501,0.36260284629827605,0.8867225300573891,1,1,1,1,1,1,1
2024-12-06 17:00:00,short,71.75906569217565,93.47276493712513,13.364355908044288,0.5576929936335634,0.8381717020659966,1,1,1,1,1,1,1
2025-01-03 16:00:00,short,25.23369679386068,74.70964692790686,3.645206001579102,0.09443220188665283,0.9013038527508376,1,1,1,1,1,1,1
2025-01-03 17:00:00,short,24.810843470484915,75.83271650086877,3.7583072683331045,0.15303444364590985,0.8855076693904852,1,1,1,1,1,1,1
2025-01-03 18:00:00,short,23.881941068493155,76.39452851281064,3.8726930074622086,0.07893363936907934,0.8576656955245885,1,1,1,1,1,1,1
2025-01-03 19:00:00,short,23.088447626679347,72.12074354764746,3.9474722039028567,0.09384299535598384,0.7877133650653612,1,1,1,1,1,1,1
2025-01-31 13:00:00,short,33.34099472855583,65.48543613183803,4.780946017022445,0.15544436783483162,0.8470024243808659,1,1,1,1,1,1,1
2025-03-02 19:00:00,short,45.92961442066802,77.83894938227066,4.413871016074195,0.2719705227174375,0.8397056244437691,1,1,1,1,1,1,1
2025-04-23 02:00:00,short,22.794863435400707,75.10529645507866,3.7230727049770285,0.4505908564335693,0.7895300245294985,1,1,0,0,0,0,0
2025-04-23 06:00:00,short,21.487413170762466,77.10191086160374,4.912862589364007,0.1308895938849414,0.798479165628018,1,1,1,0,0,0,0
2025-04-23 07:00:00,short,21.17953252298657,70.86494878240734,5.160823755053817,0.3110537019915681,0.7079840223392065,1,1,1,0,0,0,0
2025-04-23 08:00:00,short,21.666947074966096,74.75055896252647,5.425384599159992,0.0,0.8089256244538919,1,1,1,0,0,0,0
2025-05-08 21:00:00,short,34.61565925988837,90.83032478347782,7.6786510024058146,0.18120915113657826,0.8662015088847251,1,1,0,0,0,0,0
2025-05-08 22:00:00,short,33.5631346152535,91.15748345307419,8.174045981192855,0.3742386114308859,0.8475805520136227,1,1,0,0,0,0,0
2025-05-08 23:00:00,short,34.244247714792536,86.64370035943807,8.597836948607801,0.6794919365193643,0.7931852226435298,1,1,0,0,0,0,0
2025-05-09 00:00:00,short,33.08756844980734,87.27117761016721,8.986015648295304,0.01909319005868589,0.7883593657125605,1,1,0,0,0,0,0
2025-05-09 01:00:00,short,31.521149269142523,86.593939487856,9.336458861680017,0.42681071234873724,0.7605694495888446,1,1,1,0,0,0,0
2025-05-09 02:00:00,short,32.50063597486091,89.12715820523611,9.754279749907267,0.00031710607843391214,0.8336343673020629,1,1,1,0,0,0,0
2025-05-09 05:00:00,short,51.318164705113745,75.88658090585142,11.598548140264144,0.25525101897917835,0.8586792052330112,1,1,1,0,0,0,0
2025-05-09 06:00:00,short,49.63910251029131,76.25800857428302,12.062452196583886,0.24012650709627179,0.8446277263605354,1,1,1,0,0,0,0
2025-05-09 07:00:00,short,49.80627438282052,76.54236389318635,12.495730903396607,0.40267412303230243,0.8232816487416889,1,1,1,0,0,0,0
2025-05-09 13:00:00,short,50.635957016178565,66.8947548062954,13.559889644172246,0.0,0.7312727916161749,1,1,1,0,0,0,0
2025-05-10 20:00:00,short,42.54882753611771,69.94546391079574,5.933479533319417,0.37284397369941485,0.8243364166479064,1,1,1,1,1,0,0
2025-05-10 21:00:00,short,42.35867261403788,65.57957079794896,5.91787104165792,0.42994542224737925,0.7376048121827509,1,1,1,1,0,0,0
2025-06-10 05:00:00,short,20.9575213838592,72.4906818171237,4.228001853731303,0.008727604515698201,0.7183623189090181,1,1,1,1,1,1,1
2025-06-10 10:00:00,short,28.395893988416514,68.99511417570658,5.431790985993442,0.442239243464176,0.7618734539957236,1,1,1,1,1,1,1
2025-06-10 11:00:00,short,30.277325556758175,67.66005678345883,5.589075995041848,0.33831692208232395,0.7296539527771956,1,1,1,1,1,1,1
2025-06-10 14:00:00,short,28.843533183527352,71.46060424443672,6.051126818744043,0.09758284897668172,0.8534599249945982,1,1,1,1,1,1,1
2025-06-10 20:00:00,short,31.901050106056168,70.68181745092033,7.11033749187785,0.4886636162310478,0.8099615800933915,1,1,1,1,1,1,1
2025-06-10 21:00:00,short,30.941335925695004,66.60512160589867,7.146240759654738,0.3427832031942704,0.7267075383018714,1,1,1,1,1,1,1
2025-06-10 22:00:00,short,30.71867512545251,65.46909078479442,7.136047476283648,0.6827125040528635,0.6889805365525936,1,1,1,1,1,1,1
2025-06-11 01:00:00,short,27.461046947306347,67.90245244619109,6.976104817991463,0.330827443414027,0.7391590438782564,1,1,1,1,1,1,1
2025-06-11 02:00:00,short,26.64008441384875,66.37018960198472,6.837225816202945,0.257948448869711,0.7019752271516647,1,1,1,1,1,1,1
2025-07-03 02:00:00,short,19.583600669778143,71.21640580895175,3.6752458034487923,0.059110431695453935,0.7264897917488756,1,1,1,1,0,0,0
2025-07-03 06:00:00,short,19.064974107120594,68.11810393848239,4.496779044093795,0.21413477080073176,0.7027016963598145,1,1,1,1,0,0,0
2025-07-09 19:00:00,short,24.46436231368755,73.96361645977213,4.058453178110482,0.3357865088682412,0.9254886765518525,0,0,0,0,0,0,0
2025-07-09 21:00:00,short,23.633681044389274,72.65746238487112,4.402529912187257,0.012289477765604327,0.8692818191981723,0,0,0,0,0,0,0
2025-07-09 22:00:00,short,23.47759719843288,73.38633013543723,4.580822608780239,0.08081652941262107,0.8499810529467169,0,0,0,0,0,0,0
2025-07-10 00:00:00,short,22.303524022098255,71.44734171452323,4.774665677179194,0.5775323339485056,0.7761439079295219,0,0,0,0,0,0,0
2025-07-10 03:00:00,short,21.7410190842249,72.50857589781212,5.0991005701416,0.8076780908037859,0.7600006599914727,1,0,0,0,0,0,0
2025-07-10 04:00:00,short,21.094603959301697,70.95250752106892,5.189221054249758,0.46360123817574006,0.7213682985208786,1,0,0,0,0,0,0
2025-07-10 06:00:00,short,19.99135399158208,67.99927344979794,5.231645764577873,0.13096701687841597,0.6740752668535207,1,0,0,0,0,0,0
2025-07-11 00:00:00,short,28.597453606187706,75.45325667605564,7.174568651631562,0.833402800098701,0.8192116264741248,1,1,0,0,0,0,0
2025-07-11 03:00:00,short,30.452487680073112,70.24297634053119,7.48219065010668,0.3684208469051504,0.7374729124285051,1,1,0,0,0,0,0
2025-07-11 04:00:00,short,30.985813201810746,73.23046628535451,7.596466381793805,0.06768530498498146,0.7835220434851655,1,1,1,0,0,0,0
2025-07-11 05:00:00,short,31.549511973552825,74.6216105013868,7.6911515240794195,0.08170041703103259,0.7933647330715432,1,1,1,0,0,0,0
2025-07-11 08:00:00,short,30.172789432568862,65.99334701320404,7.503128143847747,0.5751790994644577,0.6484988138069782,1,1,0,0,0,0,0
2025-07-11 09:00:00,short,30.214498647463945,68.93418620715514,7.437945970238614,0.1282857964418127,0.7062590864021558,1,1,1,0,0,0,0
2025-07-16 18:00:00,short,37.6975008463078,77.28065931618742,7.963621364468154,0.4910086572039435,0.8455473363700716,1,1,1,1,0,0,0
2025-07-16 19:00:00,short,36.74028616110008,78.35134565024872,8.346895689477051,0.21844154950729286,0.8420358071380097,1,1,1,1,0,0,0
2025-07-16 20:00:00,short,36.06688468927152,79.48219082501127,8.7285268456641,0.027423824991089068,0.8412034972413336,1,1,1,1,1,0,0
2025-07-17 07:00:00,short,37.66153795364164,67.39001265241333,9.97985514204474,0.06341263855841968,0.7671727307275263,1,1,1,1,1,0,0
2025-07-18 02:00:00,short,44.37884249504449,75.34086707036526,8.919413838861598,0.24951786113014846,0.9294810190917492,1,1,1,1,1,0,0
2025-07-18 03:00:00,short,45.071968500084175,67.21033034781685,8.895708788800627,0.2420046563357696,0.7895643666341023,1,1,1,1,1,0,0
2025-07-18 04:00:00,short,44.83434941932815,65.86026411026286,8.858280737364856,0.38628573275445477,0.7452403217025647,1,1,1,1,1,0,0
2025-07-18 05:00:00,short,43.621233798554705,67.1656863585928,8.806579351904501,0.26199617484801807,0.752839416942453,1,1,1,1,1,0,0
2025-08-07 20:00:00,short,34.562021486406834,72.98886558435575,6.662253527109733,0.506332972642194,0.799290244173597,1,1,1,1,1,1,1
2025-08-07 21:00:00,short,34.45735810700635,67.51463172254397,6.834521659223751,0.45094643930037476,0.7163679314247092,1,1,1,1,1,1,1
2025-08-07 22:00:00,short,33.652866369227326,68.8804096283739,6.907882753218757,0.07870249975536316,0.7387271090933065,1,1,1,1,1,1,1
2025-08-07 23:00:00,short,36.28124752160394,73.92498554782755,7.099552451437546,0.00542828180158248,0.9042487612048588,1,1,1,1,1,1,1
2025-08-08 00:00:00,short,35.22250512072507,69.17649351984836,7.21490185058835,0.17169145179351541,0.8203560705386936,1,1,1,1,1,1,1
2025-08-08 02:00:00,short,33.71811267881034,66.00528938137832,7.233532815910634,0.11786908769317699,0.7761942689342893,1,1,1,1,1,1,1
2025-08-08 03:00:00,short,33.00247795108102,66.12389872648328,7.3545080009083925,0.5449987960723308,0.7551690926863769,1,1,1,1,1,1,1
2025-08-09 06:00:00,short,37.01938390293349,78.99427914399465,7.528127480236437,0.8201818888465283,0.9413786908879201,1,1,1,1,1,1,1
2025-08-09 07:00:00,short,36.52102924213826,72.10666881899704,7.520042524976362,0.1175676022631936,0.8269361861610752,1,1,1,1,1,1,1
2025-08-09 18:00:00,short,37.521671287939576,72.13001919855813,8.83452982002576,0.5886853766614599,0.7840346595547195,1,1,1,1,1,1,1
2025-08-09 21:00:00,short,39.18952819053076,72.83705430085251,9.259182810807145,0.4364030791907913,0.8996860724786339,1,1,1,1,1,1,1
2025-08-12 18:00:00,short,48.89660610583614,70.87863543610044,4.9188563558652785,0.31054171984853723,0.8761982723021111,1,1,1,1,1,1,1
2025-08-12 22:00:00,short,49.20172764074179,70.43943580422511,6.5973679961263185,0.056194752311563366,0.8220080627558469,1,1,1,1,1,1,1
2025-08-13 01:00:00,short,48.00472315196437,66.65626451090019,8.30546470940744,0.13173077389079488,0.7476620483481554,1,1,1,1,1,1,1
2025-08-13 02:00:00,short,47.1418205050741,65.23235724536181,8.785294220141921,0.50742372764248,0.7132977745315284,1,1,1,1,1,1,1
2025-08-13 05:00:00,short,46.541914174744804,72.13661816942773,9.993540479726502,0.0,0.9264938142009963,1,1,1,1,1,1,1
2025-08-13 12:00:00,short,49.59056623346447,67.38446403814017,11.03808180980752,0.0,0.8521349660287189,1,1,1,1,1,1,1
2025-08-13 17:00:00,short,48.163633341988074,65.94301159415986,11.766081191750924,0.010278535636925325,0.7952149581686357,1,1,1,1,1,1,1
2025-08-13 18:00:00,short,49.9361589819461,67.68041148620202,11.689424407238054,0.10020670456072428,0.8565947929164582,1,1,1,1,1,1,1
2025-08-13 22:00:00,short,48.65280487253674,65.4752653247244,10.790459178697386,0.02257081525464581,0.845645601703766,1,1,1,1,1,1,1
2025-08-22 17:00:00,short,66.47012048726147,82.89036420985923,7.164674518752104,0.023288675062602866,0.8808019628723416,1,1,1,1,1,1,1
2025-08-22 18:00:00,short,65.55600167121423,77.53636914787273,8.21010781050148,0.24577256619070112,0.8082408495330811,1,1,1,1,1,1,1
2025-08-22 19:00:00,short,63.23926049557747,78.38177422916452,9.235830492934682,0.030384903550789263,0.796436109057193,1,1,1,1,1,1,1
2025-09-12 03:00:00,short,28.929810640798312,66.39882584314091,3.84652250604158,0.547980042166782,0.8129172555885108,1,1,1,1,1,1,1
2025-09-12 20:00:00,short,34.75716416907882,81.00613086236905,6.06729683812,0.32801245214035196,0.9264143430141177,1,1,1,1,1,1,1
2025-09-12 21:00:00,short,34.45229799106604,78.85227704978311,6.198837829438562,0.7943435834890167,0.8604659303606474,1,1,1,1,1,1,1
2025-09-13 00:00:00,short,34.2443966486094,79.87813854282125,6.769934379197007,0.2499143817796112,0.8630561702580474,1,1,1,1,1,1,1
2025-09-13 01:00:00,short,33.69663788803017,72.4765909124617,6.953389095177884,0.1300233844348568,0.7688784044519208,1,1,1,1,1,1,1
2025-09-13 02:00:00,short,33.19402978397091,68.58086423119481,7.088509193979468,0.39773952719595856,0.7085394092686299,1,1,1,1,1,1,1
2025-09-13 03:00:00,short,31.82628504493014,68.71700905898987,7.219390794189456,0.17233593407508885,0.6918962705212158,1,1,1,1,1,1,1
2025-09-29 15:00:00,short,28.780350160310594,66.45816752141708,4.025726604725476,0.0015352224383077485,0.9844505942165545,1,1,1,1,1,1,1
2025-10-02 02:00:00,short,33.575142394451035,67.91422123986995,5.710921023773572,0.13146316723078286,0.931920599854251,1,1,1,1,1,1,1
2025-11-09 23:00:00,short,33.797126012776566,75.63864424257042,3.781152897401309,0.0,0.8141047094288022,1,1,1,1,1,1,0
2025-11-10 00:00:00,short,33.22212459971392,72.14002728843032,4.120254866058265,0.30405540297220346,0.757704854747115,1,1,1,1,1,1,0
2025-01-06 17:00:00,short,27.473591401344237,52.27154410125031,0.9492809274097072,0.5085176989954767,0.5155488087151812,1,1,1,1,1,1,1
2025-01-16 15:00:00,long,32.98554903508958,35.64289379462934,0.0,0.21668743746332225,0.5,1,1,1,1,1,1,1
2025-01-17 22:00:00,short,32.98554468973588,35.64289379462933,0.0,0.21668743746332225,0.5,1,1,1,1,1,1,1
2025-01-24 05:00:00,short,39.50811886837344,66.25506972614447,1.2940443878737153,0.5463926717087756,0.8912978459010485,1,1,1,1,1,1,1
2025-01-31 17:00:00,short,38.40488202988801,52.403085512780066,4.276883106548577,0.6623120228064079,0.5388798566843339,1,1,1,1,1,1,1
2025-01-31 05:00:00,long,27.167840663102222,57.34315124713484,3.747987978952091,0.014228372933000971,0.6400602656868987,1,1,1,1,1,1,1
2025-02-09 05:00:00,short,19.89554553074238,53.42880098371903,-1.5650251046226844,0.1852550793104357,0.6874417000289489,1,1,1,1,1,1,1
2025-02-11 01:00:00,short,26.201075056535867,62.95611220826943,0.8675233882988582,0.011571286073592802,1.0898778645505256,1,1,1,1,1,1,1
2025-02-11 23:00:00,long,28.409816432960685,38.121457818040966,-0.5315422071380062,0.3271036642473484,0.20299767975592622,1,1,1,1,1,1,1
2025-02-18 18:00:00,long,28.274034948615128,44.68530951852598,-1.0009060232218576,0.0,0.3852084867874895,1,1,1,1,1,1,1
2025-02-21 14:00:00,short,38.787772353668096,38.00233714793852,0.9239312531477702,0.3135449078591783,0.030467675973300364,1,1,1,1,1,1,1
2025-02-24 00:00:00,short,28.10778352580832,35.83914357354881,0.0,0.21830890106283804,0.5,1,1,1,1,1,1,1
2025-02-25 23:00:00,short,37.16085232170587,51.1023358056362,-5.412250665816402,0.4962790605494754,0.7442378276059716,1,1,1,1,1,1,1
2025-02-28 07:00:00,long,41.842623748859864,32.17198999680907,-5.949727374191216,0.0,0.25223555098702993,1,1,1,1,1,1,1
2025-03-04 03:00:00,long,45.11880289252427,32.714990678121204,-5.2001607351278185,0.23546182227421528,0.26672913169411494,1,1,1,1,1,1,1
2025-03-06 06:00:00,short,26.299963066033094,63.31114161643461,4.3400984095996,0.03991548080820475,0.7504577589740954,1,1,1,1,1,1,1
2025-03-17 20:00:00,short,14.254377441796796,51.78616327182398,0.17744817139980706,0.39375921743983805,0.5691254267042269,1,1,1,1,1,1,1
2025-03-20 01:00:00,short,19.681786829340584,54.33663361311425,3.853433388069862,0.24154430752383713,0.3418447722843461,1,1,1,1,1,1,1
2025-03-31 00:00:00,long,19.41370206229011,44.46932855003274,-1.5267159776954762,0.15574694980355824,0.3588079894225536,1,1,1,1,1,1,1
2025-04-02 08:00:00,long,14.631954323773257,47.9359321011753,1.446442875679908,0.5730677790697078,0.3048228394343039,1,1,1,1,1,1,1
2025-04-02 22:00:00,short,25.8776262888307,40.83730829542093,-0.22445968053696583,0.46751762311951184,0.2364602902502381,1,1,1,1,1,1,0
2025-04-08 04:00:00,short,28.32204248020746,47.872550441307546,-4.324792604642868,0.21041366303793377,0.48459205091624835,1,1,1,1,0,0,0
2025-04-09 03:00:00,long,28.31541793785083,48.1406839260834,-1.4864497646409605,0.00586136475166023,0.5349474688866593,1,1,1,1,1,1,1
2025-04-23 15:00:00,short,21.768167130755753,59.23054967079675,6.024046773121453,0.26103038624075753,0.40600354069307426,1,1,0,0,0,0,0
2025-04-27 03:00:00,short,14.655470049846256,49.776866900962766,0.6017524544858529,0.25303609210799266,0.4378268304551534,1,1,1,0,0,0,0
2025-04-29 12:00:00,short,14.557412077550639,53.434533548771576,0.5795107720658687,0.02854047715452619,0.5735583569667599,1,1,1,1,0,0,0
2025-05-01 17:00:00,short,14.812474150270692,58.29878874636154,1.168800316958929,0.037117161403068394,0.6510219863956351,1,1,1,1,0,0,0
2025-05-06 15:00:00,long   ,13.89761032464244,47.829568803364495,-0.9541645566230249,0.7785106495185572,0.47212837507696676,0,0,0,0,0,0,0
2025-05-13 04:00:00,long,30.648435399370786,45.36750620576494,-0.9292552034801564,0.6092616484739359,0.3810241980975421,1,1,1,1,1,1,1
2025-05-18 22:00:00,long,40.50154137081273,38.63784304770378,-0.3456097148320108,0.22525764252039807,0.12987808695128805,1,1,1,1,1,1,1
2025-05-20 04:00:00,short,31.61081416562044,56.11572681428185,0.9333707595914514,0.5502641553987362,0.6073524057676957,1,1,1,1,1,0,0
2025-05-31 03:00:00,long,25.40572438132427,39.28375973296699,-4.335749414864883,0.6051662527512516,0.33344867997431893,1,1,1,1,1,1,1
2025-06-04 17:00:00,short,21.105229874483744,48.828237005275334,0.8215184980870396,0.049127763265065086,0.311194259162524,1,1,1,1,1,1,1
2025-06-11 17:00:00,short,31.523773529986155,48.74319346741783,3.6799976623787947,0.3638694634075661,0.34749438478102784,1,1,1,1,1,1,1
2025-06-13 18:00:00,short,30.448937638956767,49.95426053224217,-6.5732759293332075,0.007255763159122647,1.06252795136262,1,1,1,1,1,0,0
2025-06-16 22:00:00,short,32.06411134134062,52.26762113987734,2.504827941919607,0.18100256387927316,0.42716576608518064,1,1,1,1,1,1,0
2025-06-20 10:00:00,short,18.050963434432717,37.12030926356719,0.49996435542555645,0.14576976473934256,0.04881581529927579,1,1,1,1,1,1,1
2025-06-22 22:00:00,long,31.784562785802702,47.66880601872287,-5.955405087889897,0.26183199362583626,0.6252089745928312,1,1,1,1,1,1,1
2025-06-25 16:00:00,long,21.026839320873986,55.4433905596016,1.0229646237645287,0.05025529579622293,0.6319804342785301,1,1,1,1,1,1,1
2025-06-26 05:00:00,short,21.66342441411241,54.24026223741033,0.7598022145639857,0.03289878552827062,0.6284844759674324,1,1,1,0,0,0,0
2025-06-27 03:00:00,long,20.072233781049892,51.50393168622289,0.08457343039806034,0.526624533019886,0.6814740747093563,1,1,1,1,1,1,1
2025-07-02 03:00:00,long,15.432646351605793,56.19242455254355,-1.4004478420183193,0.2944125943180946,0.8907408440680556,1,1,1,1,1,1,1
2025-07-03 15:00:00,short,20.243070749422483,55.90424034977111,4.877280621198949,0.20144457996334478,0.5058605797283058,1,1,1,1,0,0,0
2025-07-04 18:00:00,long,16.804777903779915,46.126824077140874,-1.9571291132573845,0.0015786165267532362,0.44053267124704165,1,1,1,1,1,1,1
2025-07-07 18:00:00,long,17.30039271604821,45.41401507685055,0.8231082318320203,0.32597196826630204,0.26170496753733163,1,1,1,1,1,1,1
2025-07-12 17:00:00,long,20.608429513294517,47.983995543293545,-0.6009102476279192,0.020618152287214635,0.3669041852781256,1,1,1,1,1,1,1
2025-07-15 05:00:00,long,23.454942550326386,42.145703587598746,0.30007824974740827,0.8818957997139345,0.2349525130993059,1,1,1,1,1,1,1
2025-07-18 22:00:00,long,44.54690364652574,53.370520713364435,5.095016305158206,0.1365805930675311,0.41699072763096084,1,1,1,1,1,1,1
2025-07-21 16:00:00,short,41.22713810949491,48.87047417372738,4.278199448372893,0.13940996479708959,0.3327150710729987,1,1,1,1,1,1,0
2025-07-24 09:00:00,long,40.1481587270486,50.076796613819155,-2.5885500981287586,0.47588278121693817,0.6282899986017686,1,1,1,1,1,1,1
2025-07-28 07:00:00,short,27.79589323774025,55.98522054897431,3.8562734670524614,0.29365088861636207,0.559100901180293,1,1,1,1,1,1,1
2025-08-03 02:00:00,long,30.928868337452396,43.91463195269862,-5.092298696510426,0.28313690214372667,0.48969981733716855,1,1,1,1,1,1,1
2025-08-05 00:00:00,short,26.699018672327202,54.75839768754778,5.779149154161096,0.6952962467244912,0.48247207794602265,1,1,1,1,1,1,1
2025-08-06 02:00:00,long,34.05670701926683,54.679487482325214,-0.22519265726615034,0.36104374255921406,0.7745218788584355,1,1,1,1,1,1,1
2025-08-14 08:00:00,short,57.09111191345539,36.63727902026212,6.5465126117853645,0.20058422211444427,-0.446157501893803,1,1,1,1,1,1,1
2025-08-17 12:00:00,short,31.883406394841238,55.04606275442083,2.148695805477557,0.21153381410709768,0.6347767680093,1,1,1,1,1,1,1
2025-08-20 03:00:00,long,41.41865398362506,48.46278901578644,-4.261861350682369,0.01591767335122236,0.5822632097525319,1,1,1,1,1,1,0
2025-08-24 20:00:00,short,57.135022016884285,39.077136983816416,1.3664801392685524,0.27489276516477984,0.07088723983198003,1,1,1,1,1,1,1
2025-08-26 03:00:00,long,54.53613535867742,39.44690816237753,-9.917417349750078,0.2510510167305538,0.3803519089723891,1,1,1,1,0,0,0
2025-08-27 16:00:00,short,49.255800935559954,50.62930591970171,5.6827654968907,0.3503660835536941,0.3890982052294752,1,1,1,1,1,1,1
2025-09-01 23:00:00,long,39.593343819725476,50.56958887037101,-3.5207344583754154,0.0,0.5388466045667545,1,1,1,1,1,0,0
2025-09-13 05:00:00,short,29.24486984754381,71.31453369735682,7.588254938049744,0.7026172309867558,0.717776413628168,1,1,1,1,1,1,1
2025-09-18 05:00:00,short,31.59489390768837,58.0994994211583,2.292945821574548,0.3227705464960853,0.6872350198136361,1,1,1,1,1,1,1
2025-09-25 19:00:00,long,48.191060447046134,33.4629871701205,-6.714161773709625,0.3312807213518967,0.09269490917962685,1,1,1,1,1,1,0
2025-09-28 14:00:00,long,18.139742690231305,62.74216817985811,-0.29394974327111,0.4990489321524384,1.003788601047452,1,1,1,1,1,1,1
2025-09-30 02:00:00,short,25.05065980288242,58.51101865253911,4.928320211184301,0.23496710850712232,0.5625543251626728,1,1,1,1,1,1,1
2025-09-30 18:00:00,long,31.00362699104971,46.68186938521215,0.9429284519441415,0.31975547658205794,0.33104262953563174,1,1,1,1,1,1,0
2025-10-07 15:00:00,short,42.24367047439962,28.597679073489175,2.455714614499659,0.11897093686564117,0.061962159842479554,1,1,1,1,1,1,1
2025-10-13 23:00:00,short,43.48826159660478,48.268023699696435,9.377960473883084,0.25321006165989207,0.35937823712005257,1,1,1,1,1,1,1
2025-10-17 12:00:00,long,53.862337242775276,42.04903393716214,-5.537307341203842,0.8133257378958261,0.36600786296498433,1,1,1,1,0,0,0
2025-10-20 08:00:00,short,31.073628883001827,58.49515764822124,4.153211461513724,0.36510505167993346,0.6313026431627057,1,1,1,1,1,1,1
2025-10-22 23:00:00,long,36.08876670003723,48.11246027331002,-3.0761346912865415,0.19757509963031739,0.5742753001044917,1,1,1,1,1,0,0
2025-10-27 06:00:00,short,27.328675800765104,60.55462950454486,6.548109352316751,0.14113491825927116,0.5733546430430106,1,1,1,1,1,1,1
2025-11-02 08:00:00,short,19.47058833627178,48.866356537498625,0.8713325255029056,0.15716686437265764,0.3821334787714093,1,1,1,1,1,1,1
2025-11-05 20:00:00,short,41.80434251558573,51.60007383070012,-4.230049660092795,0.24193654135399406,0.6214648967862734,1,1,1,1,0,0,0
2025-11-07 13:00:00,long,49.31716199918703,59.52616527353983,-3.4592997477808973,0.0,0.9172734454784137,1,1,1,1,0,0,0
2025-11-08 17:00:00,long,29.21708632335289,51.09609612158658,2.7268147981712416,0.08620391394129961,0.385391635338515,1,1,1,1,0,0,0
2025-11-10 02:00:00,short,31.9159201085273,67.71748898747492,4.771886401330689,0.5312675276637291,0.6844632769759763,1,1,1,1,1,1,0
2025-02-03 23:00:00,short,65.54809465706184,54.04647098728918,-9.477568466894107,0.3959451434379755,0.7191345199877801,1,1,1,1,1,1,1
2025-02-25 08:00:00,long,45.56324434744267,33.19529565333364,-4.898647388320613,0.5140024689118107,0.29833655214814014,1,1,1,1,1,1,1
2025-02-26 21:00:00,long,42.20317574269237,38.87577363360499,-2.2824374538089804,0.44376951396231157,0.3055175192560957,1,1,1,1,1,1,1
2025-03-06 11:00:00,short,29.472973158358503,50.95404016613612,3.6103362759054582,0.006862782841261213,0.3758568057348008,1,1,1,1,1,1,1
2025-03-10 00:00:00,long,26.30358851023749,45.38903613502975,-2.955395827396706,0.015316064225315217,0.5077880910646227,1,1,1,1,1,1,1
2025-03-23 11:00:00,short,9.876656316924203,55.20985572462784,0.9623673298002544,0.0899433543609407,0.6356660223691672,1,1,1,1,1,1,1
2025-03-25 05:00:00,long,14.37041551282771,55.44612425135658,1.881421100037111,0.07946038779921778,0.49359667092365156,1,1,1,1,1,1,1
2025-03-26 20:00:00,long,15.315378163991396,42.37142249457432,-1.177514545816504,0.04218030056719822,0.3599844985212276,1,1,1,1,1,1,1
2025-04-07 08:00:00,long,37.31328874340098,38.52642713361676,-7.7132729792810135,0.010741135594989386,0.37727593439004653,1,1,1,1,1,1,1
2025-04-14 13:00:00,short,23.24360816120775,53.58047113331895,0.29709562380444643,0.0033058927540802483,0.604676087270409,1,1,1,0,0,0,0
2025-05-07 03:00:00,short,13.729471298717783,65.02912944591839,-0.1387086527190965,0.00225840319411776,0.8346891246428102,1,1,1,0,0,0,0
2025-05-09 10:00:00,short,52.125966583981004,63.153993775152664,13.365127852793833,0.20714474861859095,0.6376779407538606,1,1,1,0,0,0,0
2025-05-11 02:00:00,short,38.73943197084663,60.19795552814403,5.566440572669141,0.20771551289959603,0.6029142160089637,1,1,1,1,1,0,0
2025-05-15 16:00:00,long,37.47296476494536,45.42426279163422,-3.1775352628112032,0.3652568508185012,0.32539594136245154,1,1,1,1,1,1,1
2025-05-23 04:00:00,short,30.873654637305908,54.188914720794045,3.755943595590885,0.03998612307606335,0.5463163797825935,1,1,1,1,1,1,0
2025-06-08 23:00:00,short,13.472456574507788,40.49334805343266,0.41607979436763104,0.7052549770158295,0.1707034417403691,1,1,1,1,1,1,1
2025-06-12 22:00:00,long,43.30406913842434,19.30791351843166,-3.997663360469973,0.24720658038651933,-0.0994053445077312,1,1,1,1,1,1,1
2025-06-22 01:00:00,long,30.595847216901205,30.86396251494712,-5.040114890857266,0.25557167583653323,0.2551338206341261,1,1,1,1,1,1,1
2025-07-07 00:00:00,short,15.19551074806567,61.02186952494632,1.2255574150080517,0.4391883802625576,0.7246387709753302,1,1,1,0,0,0,0
2025-07-09 15:00:00,short,24.58409469377974,81.4202510714249,3.184343055838559,0.00042545782900268433,1.26593120726111,1,0,0,0,0,0,0
2025-07-11 17:00:00,short,30.352594743112352,53.274028431635564,6.242290025823281,0.5738416688624909,0.1976578197672377,1,0,0,0,0,0,0
2025-07-14 13:00:00,short,27.036913722049178,47.82838755246159,2.4805959108248987,0.09934933082759946,0.37034392428040447,1,1,0,0,0,0,0
2025-07-17 12:00:00,short,39.18222866123553,55.78512748682306,9.211407410826578,0.26512754998771143,0.45383737282970804,1,1,1,1,0,0,0
2025-08-07 03:00:00,short,25.301001749325717,63.70449967077795,1.554587560026933,0.009761936416399494,0.8249943524137467,1,1,1,1,1,1,1
2025-08-10 02:00:00,short,39.28630725163624,54.73298714513347,8.726602983665273,0.5464623205422415,0.4057645054179836,1,1,1,1,1,1,1
2025-08-30 04:00:00,long,41.24624012053109,53.851489516601184,-5.651743211566269,0.3480230317304076,0.9034722608693194,1,1,1,1,0,0,0
2025-09-17 20:00:00,long,37.924787897738305,61.377304789835094,0.4623312389219101,0.7541553139289344,0.9622740551156486,1,1,1,0,0,0,0
2025-09-22 08:00:00,long,35.148926394577835,25.047089282455875,-5.864415195454897,0.17147609311483508,0.23616726576082928,1,1,1,1,1,1,0
2025-10-03 18:00:00,short,35.98515450523738,59.63671330444301,3.797639954887606,0.7247254778100853,0.8127187598986272,1,1,1,1,1,1,1
2025-10-09 18:00:00,long,37.62816873873204,48.50013459315594,-3.457021262267462,0.03300093714388806,0.5557108596049327,0,0,0,0,0,0,0
2025-10-26 14:00:00,short,21.453230901630803,71.97994940166966,2.56377941330328,0.05534429316742662,0.8193255781998343,1,1,1,1,1,1,1
2025-10-30 20:00:00,long,41.30214928226179,49.063897715707135,-5.6979441554766765,0.05295540165066145,0.540646110396531,1,0,0,0,0,0,0
2025-11-04 09:00:00,long,43.42702464325362,35.57737818929445,-8.64669384765155,0.4239899131725849,0.27396339622163113,1,1,1,0,0,0,0
2025-11-08 05:00:00,long,34.46714720490676,57.60776088504706,2.3713368481604844,0.31527640889610925,0.5935716315695749,1,1,1,1,0,0,0
